source id,target id,relationship
_2024x_d460245_1737955160639_563816_188906,_2024x_1_ebf0321_1749330394405_934585_33600,Verify
_2024x_2_2f610600_1772999910289_878899_5325,_2021x_2_2f610600_1727179947079_813012_2181,Verify
_2024x_2_2f610600_1773006900509_714694_7843,_2021x_2_2f610600_1727179947079_813012_2181,Verify
_2024x_2_2f610600_1773006900509_714694_7843,_2021x_2_2f610600_1727179947455_6461_10707,Verify
_2024x_2_2f610600_1773006900509_714694_7843,_2021x_2_2f610600_1727179947523_659982_13273,Verify
_2024x_2_2f610600_1773007113571_347563_7909,_2021x_2_2f610600_1727179947523_659982_13273,Verify
_2024x_2_2f610600_1773453918431_306242_6781,_2021x_2_2f610600_1727179947523_659982_13273,Verify
_2024x_2_2f610600_1773007113571_347563_7909,_2021x_2_2f610600_1727179947291_462671_6133,Verify
_2024x_2_2f610600_1773006900509_714694_7843,_2021x_2_2f610600_1727179947291_462671_6133,Verify
_2024x_2_2f610600_1773453918431_306242_6781,_2021x_2_2f610600_1727179947291_462671_6133,Verify
_2024x_2_2f610600_1773006900509_714694_7843,_2021x_2_2f610600_1727179947022_710799_310,Verify
_2024x_2_2f610600_1773007113571_347563_7909,_2021x_2_2f610600_1727179947022_710799_310,Verify
_2024x_2_2f610600_1773453918431_306242_6781,_2021x_2_2f610600_1727179947022_710799_310,Verify
_2024x_2_2f610600_1773006900509_714694_7843,_2021x_2_2f610600_1727179947081_419572_2278,Verify
_2024x_2_2f610600_1773007113571_347563_7909,_2021x_2_2f610600_1727179947081_419572_2278,Verify
_2024x_2_2f610600_1773453918431_306242_6781,_2021x_2_2f610600_1727179947081_419572_2278,Verify
_2024x_2_2f610600_1773006900509_714694_7843,_2021x_2_2f610600_1727179947547_291851_14726,Verify
_2024x_2_2f610600_1773007113571_347563_7909,_2021x_2_2f610600_1727179947547_291851_14726,Verify
_2024x_2_2f610600_1773453918431_306242_6781,_2021x_2_2f610600_1727179947547_291851_14726,Verify
_2024x_2_2f610600_1773006900509_714694_7843,_2021x_2_2f610600_1727179947543_859198_14455,Verify
_2024x_2_2f610600_1773007113571_347563_7909,_2021x_2_2f610600_1727179947543_859198_14455,Verify
_2024x_2_2f610600_1773453918431_306242_6781,_2021x_2_2f610600_1727179947543_859198_14455,Verify
_2024x_2_2f610600_1773007113571_347563_7909,_2021x_2_2f610600_1727179947604_149238_16565,Verify
_2024x_2_2f610600_1773453918431_306242_6781,_2021x_2_2f610600_1727179947604_149238_16565,Verify
_2024x_2_2f610600_1773006900509_714694_7843,_2021x_2_2f610600_1727179947604_149238_16565,Verify
_2024x_2_2f610600_1773006900509_714694_7843,_2021x_2_2f610600_1727179947482_779411_11714,Verify
_2024x_2_2f610600_1773007113571_347563_7909,_2021x_2_2f610600_1727179947482_779411_11714,Verify
_2024x_2_2f610600_1773369772322_54116_65,_2021x_2_2f610600_1727179947482_779411_11714,Verify
_2024x_2_2f610600_1773006542738_508278_7709,_2021x_2_2f610600_1727179947081_296941_2264,Verify
_2024x_2_2f610600_1771644049541_706031_221348,_2021x_2_2f610600_1727179947081_296941_2264,Verify
_2024x_2_2f610600_1772923762938_292216_101,_2021x_2_2f610600_1727179947236_982432_5435,Verify
_2024x_2_2f610600_1771644049541_706031_221348,_2021x_2_2f610600_1727179947236_982432_5435,Verify
_2024x_2_2f610600_1773007113571_347563_7909,_2021x_2_2f610600_1727179947236_982432_5435,Verify
_2024x_2_2f610600_1772999910289_878899_5325,_2021x_2_2f610600_1727179947113_905181_3802,Verify
_2024x_2_2f610600_1771644049541_706031_221348,_2021x_2_2f610600_1727179947113_905181_3802,Verify
_2024x_2_2f610600_1773007113571_347563_7909,_2021x_2_2f610600_1727179947538_165500_14187,Verify
_2024x_2_2f610600_1771644049541_706031_221348,_2021x_2_2f610600_1727179947538_165500_14187,Verify
_2024x_2_2f610600_1771644049541_706031_221348,_2021x_2_2f610600_1727179947100_544582_3523,Verify
_2024x_2_2f610600_1772493983583_95130_3201,_2021x_2_2f610600_1727179947100_544582_3523,Verify
_2024x_2_2f610600_1773006542738_508278_7709,_2021x_2_2f610600_1727179947100_544582_3523,Verify
_2024x_2_2f610600_1773006542738_508278_7709,_2021x_2_2f610600_1727179947099_98038_3447,Verify
_2024x_2_2f610600_1771644049541_706031_221348,_2021x_2_2f610600_1727179947099_98038_3447,Verify
_2024x_2_2f610600_1773006542738_508278_7709,_2021x_2_2f610600_1727179947101_855998_3634,Verify
_2024x_2_2f610600_1771644049541_706031_221348,_2021x_2_2f610600_1727179947101_855998_3634,Verify
_2024x_2_2f610600_1773006900509_714694_7843,_2021x_2_2f610600_1727179947333_532745_8179,Verify
_2024x_2_2f610600_1773369772322_54116_65,_2021x_2_2f610600_1727179947333_532745_8179,Verify
_2024x_2_2f610600_1773006900509_714694_7843,_2021x_2_2f610600_1727179947063_980244_1499,Verify
_2024x_2_2f610600_1773369772322_54116_65,_2021x_2_2f610600_1727179947551_185605_14986,Verify
_2024x_2_2f610600_1773007113571_347563_7909,_2021x_2_2f610600_1727179947551_185605_14986,Verify
_2024x_2_2f610600_1773369705718_899434_30,_2021x_2_2f610600_1727179947551_185605_14986,Verify
_2024x_2_2f610600_1773453918431_306242_6781,_2021x_2_2f610600_1727179947452_186563_10573,Verify
_2024x_2_2f610600_1771644049541_706031_221348,_2021x_2_2f610600_1727179947452_186563_10573,Verify
_2024x_2_2f610600_1773006900509_714694_7843,_2021x_2_2f610600_1727179947102_647361_3684,Verify
_2024x_2_2f610600_1771644049541_706031_221348,_2021x_2_2f610600_1727179947102_647361_3684,Verify
_2024x_2_2f610600_1773007113571_347563_7909,_2021x_2_2f610600_1727179947102_647361_3684,Verify
_2024x_2_2f610600_1773369705718_899434_30,_2021x_2_2f610600_1727179947526_460465_13431,Verify
_2024x_2_2f610600_1773453918431_306242_6781,_2021x_2_2f610600_1727179947526_460465_13431,Verify
_2024x_2_2f610600_1771644049541_706031_221348,_2021x_2_2f610600_1727179947526_460465_13431,Verify
_2024x_2_2f610600_1773369705718_899434_30,_2021x_2_2f610600_1727179947077_372426_2075,Verify
_2024x_2_2f610600_1773453918431_306242_6781,_2021x_2_2f610600_1727179947077_372426_2075,Verify
_2024x_2_2f610600_1771644049541_706031_221348,_2021x_2_2f610600_1727179947077_372426_2075,Verify
_2024x_2_2f610600_1773453918431_306242_6781,_2021x_2_2f610600_1727179947074_104393_1890,Verify
_2024x_2_2f610600_1771644049541_706031_221348,_2021x_2_2f610600_1727179947074_104393_1890,Verify
_2024x_2_2f610600_1773453918431_306242_6781,_2021x_2_2f610600_1727179947100_99491_3559,Verify
_2024x_2_2f610600_1773369705718_899434_30,_2021x_2_2f610600_1727179947100_99491_3559,Verify
_2024x_2_2f610600_1771644049541_706031_221348,_2021x_2_2f610600_1727179947100_99491_3559,Verify
_2024x_2_2f610600_1773007113571_347563_7909,_2021x_2_2f610600_1727179947317_146203_7348,Verify
_2024x_2_2f610600_1773369705718_899434_30,_2021x_2_2f610600_1727179947317_146203_7348,Verify
_2024x_2_2f610600_1771644049541_706031_221348,_2021x_2_2f610600_1727179947317_146203_7348,Verify
_2024x_2_2f610600_1773006900509_714694_7843,_2021x_2_2f610600_1727179947091_764792_2904,Verify
_2024x_2_2f610600_1773007113571_347563_7909,_2021x_2_2f610600_1727179947091_764792_2904,Verify
_2024x_2_2f610600_1773369772322_54116_65,_2021x_2_2f610600_1727179947091_764792_2904,Verify
_2024x_2_2f610600_1773006900509_714694_7843,_2021x_2_2f610600_1727179947070_367502_1779,Verify
_2024x_2_2f610600_1771644049541_706031_221348,_2021x_2_2f610600_1727179947070_367502_1779,Verify
_2024x_2_2f610600_1773007113571_347563_7909,_2021x_2_2f610600_1727179947070_367502_1779,Verify
_2024x_2_2f610600_1773007113571_347563_7909,_2021x_2_2f610600_1727179947310_307651_7016,Verify
_2024x_2_2f610600_1771644049541_706031_221348,_2021x_2_2f610600_1727179947310_307651_7016,Verify
_2024x_2_2f610600_1773369705718_899434_30,_2021x_2_2f610600_1727179947310_307651_7016,Verify
_2024x_2_2f610600_1773007113571_347563_7909,_2021x_2_2f610600_1727179947098_895106_3404,Verify
_2024x_2_2f610600_1771644049541_706031_221348,_2021x_2_2f610600_1727179947098_895106_3404,Verify
_2024x_2_2f610600_1773369705718_899434_30,_2021x_2_2f610600_1727179947098_895106_3404,Verify
_2024x_2_2f610600_1773007113571_347563_7909,_2021x_2_2f610600_1727179947017_841226_135,Verify
_2024x_2_2f610600_1771644049541_706031_221348,_2021x_2_2f610600_1727179947017_841226_135,Verify
_2024x_2_2f610600_1773369705718_899434_30,_2021x_2_2f610600_1727179947017_841226_135,Verify
_2024x_2_2f610600_1771644049541_706031_221348,_2021x_2_2f610600_1727179947545_816796_14548,Verify
_2024x_2_2f610600_1773369924110_726506_123,_2021x_2_2f610600_1727179947545_816796_14548,Verify
_2024x_2_2f610600_1773369705718_899434_30,_2021x_2_2f610600_1727179947097_484972_3280,Verify
_2024x_2_2f610600_1771644049541_706031_221348,_2021x_2_2f610600_1727179947097_484972_3280,Verify
_2024x_2_2f610600_1773369772322_54116_65,_2021x_2_2f610600_1727179947581_477484_15242,Verify
_2024x_2_2f610600_1771644049541_706031_221348,_2021x_2_2f610600_1727179947581_477484_15242,Verify
_2024x_2_2f610600_1773453918431_306242_6781,_2021x_2_2f610600_1727179947581_477484_15242,Verify
_2024x_2_2f610600_1771644049541_706031_221348,_2021x_2_2f610600_1727179947058_39366_1288,Verify
_2024x_2_2f610600_1772493983583_95130_3201,_2021x_2_2f610600_1727179947058_39366_1288,Verify
_2024x_2_2f610600_1772999910289_878899_5325,_2021x_2_2f610600_1727179947058_39366_1288,Verify
_2024x_2_2f610600_1771644049541_706031_221348,_2021x_2_2f610600_1727179947525_305375_13375,Verify
_2024x_2_2f610600_1772493983583_95130_3201,_2021x_2_2f610600_1727179947525_305375_13375,Verify
_2024x_2_2f610600_1772923762938_292216_101,_2021x_2_2f610600_1727179947525_305375_13375,Verify
_2024x_2_2f610600_1773453918431_306242_6781,_2021x_2_2f610600_1727179947595_99979_16031,Verify
_2024x_2_2f610600_1771644049541_706031_221348,_2021x_2_2f610600_1727179947595_99979_16031,Verify
_2024x_2_2f610600_1771644049541_706031_221348,_2021x_2_2f610600_1727179947369_50113_9633,Verify
_2024x_2_2f610600_1773453918431_306242_6781,_2021x_2_2f610600_1727179947369_50113_9633,Verify
